{
  "4bit": {
    "mean_rmse": 0.09643435030430555,
    "std_rmse": 0.008274740690957133,
    "max_rmse": 0.14458249509334564
  },
  "3bit": {
    "mean_rmse": 0.1845749287456274,
    "std_rmse": 0.014360237772989065,
    "max_rmse": 0.2506187856197357
  }
}